year,per capita income in $
2002,26376.322740408825
2023,43774.08932008571
2049,65314.18127587624
2036,54544.13529798086
2044,61171.855899762595
3000,853184.4678126739
